{
  "name": "Enduring Skin",
  "description": "You feel no knockback. You also have natural protection.",
  "type": "origins:multiple",
  
  "no_knockback": {
  	  "type": "origins:attribute",
  	  "modifier": {
  	    "name": "hehe",
 	     "attribute": "minecraft:generic.knockback_resistance",
 	     "value": 5000,
 	     "operation": "addition"
	    }
  },
  
  "natural_prot": {
    "type": "origins:attribute",
    "modifier": {
      "name": "Natural Armor health bonus",
      "attribute": "minecraft:generic.armor",
      "value": 8,
      "operation": "addition"
    }
  }
}