{
  "name": "Forged In Lava",
  "description": "Being born in lava has made it easy for you to swim in it, lava acts exactly like water to you.",
  "type": "origins:multiple",
  
  "lava_speed": {
    "type": "origins:modify_lava_speed",
    "modifier": {
        "operation": "addition",
        "value": 0.33
      },
	"condition": {
    "type": "origins:swimming",
	"inverted": true
}
    },
  
  "lava_vision": {
    "type": "origins:lava_vision",
    "s": 0,
    "v": 20,
    "hidden": true
  },
  
  "lava_clutch": {
    "type": "origins:modify_damage_taken",
    "damage_condition": {
        "type": "origins:name",
        "name": "fall"
    },
    "modifier": {
        "operation": "multiply_base",
        "value": -1
    },
     "condition": {
        "type": "origins:fluid_height",
        "fluid": "minecraft:lava",
        "comparison": ">=",
        "compare_to": 0.000001
    }
  },
  
  "lava_swimming":{
	"type": "origins:swimming",
  "condition": {
    "type": "origins:submerged_in",
    "fluid": "minecraft:lava"
  }
  }
}