{
  "name": "Obsidian Immunities",
  "description": "Fire, freezing and drowning wont affect you at all.",
  "type": "origins:multiple",
  
  "no_firedmg": {
    "type": "origins:fire_immunity"
  },
  
  "no_drowning": {
	"type": "origins:invulnerability",
    "damage_condition": {
        "type": "origins:name",
        "name": "drown"
    }
  },
  
  "no_bubbles":{
    "type": "origins:action_over_time",
    "entity_action": {
        "type": "origins:gain_air",
        "value": -300
    },
    "interval": 10
  },
  
  "no_freezing": {
	"type": "origins:invulnerability",
    "damage_condition": {
        "type": "origins:name",
        "name": "freeze"
    }
  }
}