{
  "name": "Too Heavy!",
  "description": "You have the inability to swim in water, instead you walk through it like air. You also cannot ride in boats.",
  "type": "origins:multiple",
  
  "water_ignore": {
	    "type": "origins:ignore_water",
		"condition": {
    "type": "origins:fluid_height",
    "fluid": "minecraft:water",
    "comparison": "==",
    "compare_to": 0,
	"inverted": true
    }
  },
  
  "prevent_boats": {
	  "type": "origins:prevent_entity_use",
    "bientity_condition": {
        "type": "origins:target_condition",
        "condition": {
		    "type": "origins:or",
			"conditions": [
			{
                "type": "origins:entity_type",
                "entity_type": "minecraft:boat"
			},
			{
                "type": "origins:entity_type",
                "entity_type": "minecraft:chest_boat"
			}
			]
        }
    }
  },

"underwater": {
    "type": "origins:modify_break_speed",
    "modifier": {
      "operation": "multiply_total",
      "value": 4
    },
    "condition": {
      "type": "origins:and",
      "conditions": [
        {
          "type": "origins:submerged_in",
          "fluid": "minecraft:water"
        },
        {
          "type": "origins:enchantment",
          "enchantment": "minecraft:aqua_affinity",
          "comparison": "==",
          "compare_to": 0
        }
      ]
    }
  },
  "ungrounded": {
    "type": "origins:modify_break_speed",
    "modifier": {
      "operation": "multiply_total",
      "value": 4
    },
    "condition": {
      "type": "origins:and",
      "conditions": [
        {
          "type": "origins:fluid_height",
          "fluid": "minecraft:water",
          "comparison": ">",
          "compare_to": 0
        },
        {
          "type": "origins:on_block",
          "inverted": true
        }
      ]
    }
  }
}