{
  "name": "Aquatic Grace",
  "description": "You are built for the water, you can breathe in it and swim much faster.",
  "type": "origins:multiple",
  
  "swim_speed": {
	"type": "origins:modify_swim_speed",
    "modifier": {
      "name": "Additional swim speed",
      "value": 1.6,
      "operation": "multiply_base"
    }
  },
  
  "no_drowning": {
	"type": "origins:invulnerability",
    "damage_condition": {
        "type": "origins:name",
        "name": "drown"
    }
  },
  
  "no_bubbles":{
    "type": "origins:action_over_time",
    "entity_action": {
        "type": "origins:gain_air",
        "value": -300
    },
    "interval": 10
  },
  
  "wet_eyes":{
    "type": "origins:night_vision",
    "strength": 4.0,
    "condition": {
      "type": "origins:submerged_in",
      "fluid": "minecraft:water"
    }
  },
  
  
"underwater": {
    "type": "origins:modify_break_speed",
    "modifier": {
      "operation": "multiply_total",
      "value": 4
    },
    "condition": {
      "type": "origins:and",
      "conditions": [
        {
          "type": "origins:submerged_in",
          "fluid": "minecraft:water"
        },
        {
          "type": "origins:enchantment",
          "enchantment": "minecraft:aqua_affinity",
          "comparison": "==",
          "compare_to": 0
        }
      ]
    }
  },
  "ungrounded": {
    "type": "origins:modify_break_speed",
    "modifier": {
      "operation": "multiply_total",
      "value": 4
    },
    "condition": {
      "type": "origins:and",
      "conditions": [
        {
          "type": "origins:fluid_height",
          "fluid": "minecraft:water",
          "comparison": ">",
          "compare_to": 0
        },
        {
          "type": "origins:on_block",
          "inverted": true
        }
      ]
    }
  }
}