{
  "name": "Fishier Fish",
  "description": "Fish are much more filling to you than humans, especially tropical fish.",
  "type": "origins:multiple",
  
  "all_fish": {
    "type": "origins:modify_food",
    "item_condition": {
        "type": "origins:ingredient",
        "ingredient": {
            "tag": "minecraft:fishes"
        }
    },
    "food_modifier": {
        "name": "Increased food points",
        "operation": "addition",
        "value": 3.0
    },
    "saturation_modifier": {
        "name": "Increased saturation points",
        "operation": "addition",
        "value": 1
    }
  },
  
  "tropical_fish": {
    "type": "origins:modify_food",
    "item_condition": {
        "type": "origins:ingredient",
        "ingredient": {
            "item": "minecraft:tropical_fish"
        }
    },
    "food_modifier": {
        "name": "Increased food points",
        "operation": "addition",
        "value": 6.0
    },
    "saturation_modifier": {
        "name": "Increased saturation points",
        "operation": "addition",
        "value": 2
    }
  }
}