{
  "name": "Flimsy Hands",
  "description": "Your hands are to weak to use shields or a bow. you can still use crossbows though.",
  "type": "origins:multiple",
  
  "shield": {
  "type": "origins:prevent_item_use",
  "item_condition": {
    "type": "origins:ingredient",
    "ingredient": {
      "item": "minecraft:shield"
    }
  }
  },
  
  "bow": {
  "type": "origins:prevent_item_use",
  "item_condition": {
    "type": "origins:ingredient",
    "ingredient": {
      "item": "minecraft:bow"
    }
  }
  }
}