{
	"type": "origins:active_self",
	"entity_action": {
        "type": "origins:and",
        "actions": [
            {
                "type": "origins:apply_effect",
                "effect": {
                    "effect": "minecraft:regeneration",
                    "duration": 160,
                    "amplifier": 3,
                    "show_particles": false
                }
            },
            {
                "type": "origins:apply_effect",
                "effect": {
                    "effect": "minecraft:slowness",
                    "duration": 160,
                    "amplifier": 4,
                    "show_particles": false
                }
            }
        ]
	},
	"cooldown": 600,
    "key": "primary",
	"hud_render": {
		"should_render": true,
		"sprite_location": "origins:textures/gui/community/spiderkolo/resource_bar_02.png",
		"bar_index": 9
	},
	"name": "Limb Regrow", 
    "description": "You get regeneration and slowness when using your primary ability."
}