{
  "name": "Raining Glory",
  "description": "The rain fills you with power, while under rain you are able to swim in air and can't take fall damage.",
  "type": "origins:multiple",
  
  "air_swimming": {
    "type": "origins:swimming",
    "condition": {
        "type": "origins:and",
        "conditions": [
            {
  	            "type": "origins:fluid_height",
	            "fluid": "minecraft:water",
	            "comparison": ">",
	            "compare_to": 0.0,
                "type": "origins:in_rain"
            },
            {      
                "type": "origins:power_active",
                "power": "willow:lotling/raining_glory_rain_toggle"
            }
        ]
    }
  },
  
  "rain_toggle": {
    "type": "origins:toggle",
    "active_by_default": true,
    "key": {
        "key": "key.origins.secondary_active"
    }
  },
  
  "no_drowning": {
	"type": "origins:invulnerability",
    "damage_condition": {
        "type": "origins:name",
        "name": "fall"
    },
	"condition": {
		"type": "origins:fluid_height",
	    "fluid": "minecraft:water",
	    "comparison": ">",
	    "compare_to": 0.0,
        "type": "origins:in_rain"
	}
  }
}