{
	"powers": [
		"willow:flower_guardian/sunbeam",
		"willow:flower_guardian/sunbeam_shoot",
		"willow:flower_guardian/petal_wings",
		"willow:flower_guardian/superfood",
		"willow:flower_guardian/light_as_a_petal",
		"willow:flower_guardian/short",
		"willow:flower_guardian/cleithrophobia",
		"willow:flower_guardian/frail",
		"willow:flower_guardian/swift_kindle"
	],
	"icon": "minecraft:sunflower",
	"order": 0,
	"impact": 3,
	"name": "Bloom",
	"description":"Dont underestimate these short statured flower lovers, their powerful sun beams allow them to soar in the sky."
}