{
	"powers": [
		"willow:lotling/raining_glory",
		"willow:lotling/aquatic_grace",
		"willow:lotling/limb_regrow",
		"willow:lotling/fishier_fish",
		"willow:lotling/short",
		"willow:lotling/flimsy_hands",
		"origins:fragile",
		"origins:carnivore",
		"origins:aquatic"
	],
    "icon":{
        "item": "minecraft:axolotl_bucket",
        "tag": "{Variant:3}"
    },
	"order": 3,
	"impact": 2,
	"name": "Lotling",
	"description":"The short Lotlings are the best of both worlds, having both lungs and gills they are perfect for all aquatic needs. Especially in the rain."
}