{
	"powers": [
		"willow:moofolk/spores",
		"willow:moofolk/coward",
		"willow:moofolk/mushroom_immunities",
		"willow:moofolk/short",
		"origins:vegetarian",
		"origins:nine_lives",
		"willow:moofolk/milkable_power",
		"willow:moofolk/milkable"
	],
	"icon": "minecraft:red_mushroom",
	"order": 4,
	"impact": 3,
	"name": "Moofolk",
	"description":"Powerful creatures that resemble mooshrooms, the Moofolk use effects to either overpower or run away from their opponents. Please just dont milk them."
}