{
	"powers": [
		"willow:obsidian_heart/obsidian_immunities",
		"willow:obsidian_heart/enduring_skin",
		"willow:obsidian_heart/forged_in_lava",
		"willow:obsidian_heart/too_heavy",
		"willow:obsidian_heart/a_bit_too_tall",
		"origins:more_exhaustion",
		"origins:pumpkin_hate"
	],
	"icon": "minecraft:obsidian",
	"order": 19,
	"impact": 1,
	"name": "Obsidian Heart",
	"description":"Constructs forged in lava, the Obsidian Hearts are as powerful as they are heavy, and with such a long list of immunities they're sure to do well in any enviroment. "
}