{
  "name": "Cleithrophobia",
  "description": "You are scared of deep caves and get extreme debuffs at lower y levels.",
  "type": "origins:stacking_status_effect",
  "min_stacks": 0,
  "max_stacks": 10,
  "duration_per_stack": 20,
  "effects": [
    {
      "effect": "minecraft:weakness",
      "is_ambient": true,
      "show_particles": false,
      "show_icon": true
    },
    {
      "effect": "minecraft:slowness",
	  "amplifier": 2,
      "is_ambient": true,
      "show_particles": false,
      "show_icon": true
    }
  ],
  "condition": {
      "type": "origins:block_in_radius",
      "block_condition": {
          "type": "origins:height",
          "comparison": "<=",
          "compare_to": 30
      },
      "radius": 1,
      "shape": "cube",
      "comparison": ">=",
      "compare_to": 4
  }
}