{
  "name": "Light as a Petal",
  "description": "You are practically weightless, you can walk on fluids and you dont detect sensors by walking or jumping.",
  "type": "origins:multiple",
  
  "velvet":{
    "type": "origins:prevent_game_event",
    "events": [
        "minecraft:step",
        "minecraft:hit_ground"
    ]
  },
  
	"water_toggle": {
	"type": "origins:toggle",
	"active_by_default": true,
    "key": {
        "key": "key.origins.secondary_active"
      }
	},
  
  
  "walk_on_water": {
    "type": "origins:walk_on_fluid",
    "fluid": "minecraft:water",
"condition": {
    "type": "origins:and",
    "conditions": [
        {
        "type": "origins:fluid_height",
        "fluid": "minecraft:water",
        "comparison": "<=",
        "compare_to": 0.4
        },
        {      
          	  "type": "origins:power_active",
		      "power": "willow:flower_guardian/light_as_a_petal_water_toggle"
        }
    ]
}
  },
  
  "ignore_water": {
	  "type": "origins:ignore_water",
"condition": {
    "type": "origins:and",
    "conditions": [
        {
        "type": "origins:fluid_height",
        "fluid": "minecraft:water",
        "comparison": "<=",
        "compare_to": 0.4
        },
        {      
          	  "type": "origins:power_active",
		      "power": "willow:flower_guardian/light_as_a_petal_water_toggle"
        }
    ]
}
  }
}