{
  "name": "Petal Wings",
  "description": "Your small petal wings allow you to fall gently in the air.",
  "type": "origins:multiple",
  
  "featherweight":{
    "type": "apoli:modify_falling",
    "velocity": 0.01,
    "take_fall_damage": false,
    "condition": {
      "type": "origins:or",
      "conditions": [
        {
          "type": "origins:and",
          "conditions": [
            {
              "type": "origins:sneaking"
            },
            {
              "type": "origins:fall_flying"
            }
          ]
        },
        {
          "type": "origins:and",
          "conditions": [
            {
              "type": "origins:sneaking",
              "inverted": true
            },
            {
              "type": "origins:fall_flying",
              "inverted": true
            }
          ]
        }
      ]
    }
  },
  
  
  "likeair": {
    "type": "origins:attribute_modify_transfer",
    "class": "modify_air_speed",
    "attribute": "minecraft:generic.movement_speed",
    "multiplier": 1.3
  }
}