{
  "name": "Short",
  "description": "You're a little bit shorter than a human.",
  "type": "origins:action_on_callback",
  "entity_action_added":
	{
	"type": "origins:execute_command",
	"command": "execute as @s run function willow:moofolksize",
	"permission_level": 4
	},
  "entity_action_removed":
	{
    "type": "origins:and",
    "actions": [
	{
	"type": "origins:execute_command",
	"command": "execute as @s run function willow:normalsize",
	"permission_level": 4
	    }
      ]  
	},
  "entity_action_respawned":
	{
	"type": "origins:execute_command",
	"command": "execute as @s run function willow:moofolksize",
	"permission_level": 4
	},
  "execute_chosen_when_orb": true
}