{
"hidden": true,
	"type": "origins:multiple",
    "resource": {
        "type": "origins:resource",
        "min": 0,
        "max": 195,
        "hud_render": {
        "should_render": true,
        "sprite_location": "origins:textures/gui/community/spiderkolo/resource_bar_01.png",
        "bar_index": 0
        }
    },
	
	"toggle": {
	"type": "origins:toggle",
	"active_by_default": false,
    "key": {
        "key": ""
    }
	},
	
	"cooldown":
	{
 	   "type": "origins:cooldown",
 	   "cooldown": 1400,
 	   "hud_render": {
		"should_render": true,
		"sprite_location": "origins:textures/gui/resource_bar.png",
		"bar_index": 7
    }
	},
	
	
	"hurt_cooldown":
	{
 	   "type": "origins:cooldown",
 	   "cooldown": 2
	},
	
    "hurt_cooldown_time": {
        "type": "origins:action_over_time",
        "interval": 20,
        "entity_action": {
            "type": "origins:change_resource",
            "resource": "willow:flower_guardian/sunbeam_hurt_cooldown",
            "change": -1
        }
    },
	
	
    "hold":
    {
        "type": "origins:active_self",
        "cooldown": 1,
        "key": {
            "key": "key.origins.primary_active",
            "continuous": true
        },
        "hud_render": {
            "should_render": false
        },
        "entity_action": {
            "type": "origins:change_resource",
            "resource": "willow:flower_guardian/sunbeam_resource",
            "change": 2
        },
		"condition": {
          "type": "origins:and",
          "conditions": [
            {      
              "type": "origins:resource",
              "resource": "willow:flower_guardian/sunbeam_cooldown",
              "comparison": ">=",
              "compare_to": 2,
			  "inverted": true
            },
			{
				"type": "origins:sneaking"
			},
			{
		  	  "type": "origins:power_active",
		  	  "power": "*:flower_guardian/sunbeam_toggle",  
		  	  "inverted": true
			}
        ]
	  }
    },
	
    "on_toggle":
    {
        "type": "origins:action_over_time",
        "entity_action": {
            "type": "origins:toggle",
            "power": "willow:flower_guardian/sunbeam_toggle"
        },
        "interval": 15,
		"condition": {
          "type": "origins:and",
          "conditions": [
          {
              "type": "origins:resource",
              "resource": "willow:flower_guardian/sunbeam_resource",
              "comparison": "==",
              "compare_to": 195
          },
          {      
          	  "type": "origins:power_active",
		      "power": "willow:flower_guardian/sunbeam_toggle",
			  "inverted": true
            }
          ]
      }
    },
	
    "off_toggle":
    {
        "type": "origins:action_over_time",
		"entity_action": {
           "type": "origins:and",
             "actions": [
              {
                 "type": "origins:toggle",
                 "power": "willow:flower_guardian/sunbeam_toggle"
              },
              {    
			    "type": "origins:trigger_cooldown",
                "power": "willow:flower_guardian/sunbeam_cooldown"
              }
          ]
      },
        "interval": 30,
		"condition": {
          "type": "origins:and",
          "conditions": [
          {
              "type": "origins:resource",
              "resource": "willow:flower_guardian/sunbeam_resource",
              "comparison": "==",
              "compare_to": 0
          },
          {      
          	  "type": "origins:power_active",
		      "power": "willow:flower_guardian/sunbeam_toggle"
            }
          ]
      }
    }
	
}