{
	"name": "Sun Shots",
	"description": "While crouching, you can charge up sun energy, after charged you can freely move and shoot 5 quick shots of energy. If shot close enough to a surface, it will launch the user backwards. It also deals damage that bypasses armour.",
        "type": "origins:active_self",
        "cooldown": 1,
        "key": {
            "key": "key.origins.primary_active",
            "continuous": false
        },
        "hud_render": {
            "should_render": false
        },
		"entity_action": {
           "type": "origins:and",
             "actions": [
              {
                "type": "origins:change_resource",
                "resource": "willow:flower_guardian/sunbeam_resource",
                "change": -39
              },
              {
                "type": "origins:play_sound",
                "sound": "minecraft:entity.allay.item_taken",
				"volume": 0.1,
				"pitch": 0.04
              },
              {
                  "type": "origins:raycast",
                  "distance": 80,
                  "block": true,
                  "entity": true,
                  "shape_type": "visual",
                  "fluid_handling": "any",
                  "bientity_action": {
                      "type": "origins:target_action",
                      "action": {
                            "type": "origins:damage",
                            "amount": 5,
                            "source": {
                               "name": "magic",
                                "fire": false,
                                "bypasses_armor": true
                            }
                      }
                  },
		              "bientity_condition": {
					    "type": "origins:target_condition",
					    "condition": {
                        "type": "origins:and",
                        "conditions": [
                        {      
    					   "type": "origins:living"
                          }
                        ]
					  }
                    },
                    "bientity_condition": {
                        "type": "origins:actor_condition",
                        "condition": {
                            "type": "origins:resource",
                            "resource": "willow:flower_guardian/sunbeam_hurt_cooldown",
                            "comparison": ">=",
                            "compare_to": 1,
			                "inverted": true
                        }
                    },
    			  "hit_action": {
                      "type": "origins:trigger_cooldown",
                      "power": "willow:flower_guardian/sunbeam_hurt_cooldown"
  			      },
                  "command_along_ray": "particle minecraft:white_ash ~ ~-.2 ~",
                  "command_step": 1
              },
			  {
   			   "type": "origins:raycast",
   			   "distance": 4.8,
  			    "block": true,
  			    "entity": false,
 			     "shape_type": "visual",
 			     "fluid_handling": "any",
   			   			  "hit_action": {
          "type": "origins:add_velocity",
          "z": -1.3,
          "space": "local"
  			      },
   			   "condition": {
     			     "type": "origins:sneaking",
					 "inverted": true
   			   }
			  },
			  {
                  "type": "origins:raycast",
                  "distance": 80,
                  "block": true,
                  "entity": true,
                  "shape_type": "visual",
                  "fluid_handling": "any",
				  "block_action": {
                      "type": "origins:bonemeal",
                      "effects": false
                  },
                  "command_along_ray": "particle minecraft:scrape ~ ~-.2 ~",
                  "command_step": 1
              },
			  {
                  "type": "origins:raycast",
                  "distance": 80,
                  "block": true,
                  "entity": true,
                  "shape_type": "outline",
                  "fluid_handling": "any",
				  "block_action": {
                      "type": "origins:bonemeal",
                      "effects": false
                  }
              }
			  
          ]
      },
		"condition": {
          "type": "origins:and",
          "conditions": [
          {
        "type": "origins:resource",
        "resource": "willow:flower_guardian/sunbeam_resource",
        "comparison": ">=",
        "compare_to": 39
          },
          {      
		      "type": "origins:power_active",
		      "power": "willow:flower_guardian/sunbeam_toggle"
            }
          ]
      }
}