{
	"name": "Superfood",
	"description": "Drinking honey bottles will give you instant health and regeneration for a short period.",
	"type": "origins:modify_food",
	"item_condition": {
		"type": "origins:ingredient",
		"ingredient": {
			"item": "minecraft:honey_bottle"
		}
	},
	"entity_action": {
		"type": "origins:and",
		"actions": [{
				"type": "origins:apply_effect",
				"effect": {
					"effect": "minecraft:instant_health",
					"duration": 1,
					"show_particles": false
				}
			},
			{
				"type": "origins:apply_effect",
				"effect": {
					"effect": "minecraft:regeneration",
					"duration": 200,
					"show_particles": true
				}
			}
		]
	}
}