{
  "type":"origins:modify_damage_taken",
  "modifier":{
    "value": 2,
    "operation":"multiply_total"
  },
  "damage_condition":{
    "type":"origins:or",
    "conditions":[
      {
        "type":"origins:name",
        "name":"lava"
      },
      {
        "type":"origins:name",
        "name":"onFire"
      },
      {
        "type":"origins:name",
        "name":"inFire"
      },
      {
        "type":"origins:name",
        "name":"hotFloor"
      }
    ]
  },
  "hidden": false,
  "name": "Swift Kindle",
  "description": "You burn much faster than a human."
}