{
  "name": "Coward",
  "description": "You get speed for 6 seconds after being hurt.",
  "type": "origins:multiple",
  
  "speed": {
	"type": "origins:self_action_when_hit",
	"cooldown": 80,
	"entity_action": {
		"type": "origins:apply_effect",
		"effect": {
			"effect": "speed",
			"show_particles": false,
			"show_icon": false,
			"duration": 120,
			"amplifier": 1
		}
	}
  },
  
  "speedier": {
	"type": "origins:self_action_when_hit",
	"cooldown": 80,
	"entity_action": {
		"type": "origins:apply_effect",
		"effect": {
			"effect": "speed",
			"show_particles": false,
			"show_icon": false,
			"duration": 120,
			"amplifier": 3
		}
	},
    "damage_condition": {
        "type": "origins:amount",
        "comparison": ">=",
        "compare_to": 6.0
    }
  }
}