{
  "hidden": true,
  "type": "origins:multiple",
  
  "milk": {
    "type": "origins:action_on_being_used",
    "bientity_action": {
    "type": "origins:actor_action",
    "action": {
    "type": "origins:and",
    "actions": [
      {
          "type": "origins:equipped_item_action",
          "equipment_slot": "mainhand",
          "action": {
              "type": "origins:consume",
              "amount": 1
          }
      },
      {
        "type": "origins:give",
        "stack": {
          "item": "minecraft:milk_bucket",
          "amount": 1
        },
         "preferred_slot": "mainhand"
      },
      {
        "type": "origins:play_sound",
        "sound": "minecraft:entity.mooshroom.milk"
      }
    ]
    }
	},
    "bientity_condition": {
        "type": "origins:actor_condition",
        "condition": {
 	   			   "type": "origins:equipped_item",
  	   			  "inverted": false,
 	   			   "equipment_slot": "mainhand",
  	   			  "item_condition": {
   	   			   "type": "origins:ingredient",
   	   			   "inverted": false,
   	   			   "ingredient": {
   	   			     "item": "minecraft:bucket"
  	   			    }
  	   			}
			}
        }
    },
	
  "stew": {
    "type": "origins:action_on_being_used",
    "bientity_action": {
    "type": "origins:actor_action",
    "action": {
    "type": "origins:and",
    "actions": [
      {
          "type": "origins:equipped_item_action",
          "equipment_slot": "mainhand",
          "action": {
              "type": "origins:consume",
              "amount": 1
          }
      },
      {
        "type": "origins:give",
        "stack": {
          "item": "minecraft:mushroom_stew",
          "amount": 1
        },
        "item_action": {
            "type": "origins:merge_nbt",
            "nbt": "{special_stew:1b}"
        },
         "preferred_slot": "mainhand"
      },
      {
        "type": "origins:play_sound",
        "sound": "minecraft:entity.mooshroom.suspicious_milk"
      }
    ]
    }
	},
    "bientity_condition": {
        "type": "origins:actor_condition",
        "condition": {
 	   			   "type": "origins:equipped_item",
  	   			  "inverted": false,
 	   			   "equipment_slot": "mainhand",
  	   			  "item_condition": {
   	   			   "type": "origins:ingredient",
   	   			   "inverted": false,
   	   			   "ingredient": {
   	   			     "item": "minecraft:bowl"
  	   			    }
  	   			}
			}
        }
    },
	
	"self_milk": {
  "type": "origins:active_self",
  "cooldown": 20,
  "key": {
    "key": "key.use"
  },
  "entity_action": {
    "type": "origins:and",
    "actions": [
      {
          "type": "origins:equipped_item_action",
          "equipment_slot": "mainhand",
          "action": {
              "type": "origins:consume",
              "amount": 1
          }
      },
      {
        "type": "origins:give",
        "stack": {
          "item": "minecraft:milk_bucket",
          "amount": 1
        },
         "preferred_slot": "mainhand"
      },
      {
        "type": "origins:play_sound",
        "sound": "minecraft:entity.mooshroom.milk"
      }
    ]
  },
	"condition": {
		"type": "origins:and",
			"conditions": [
				{
 	   			   "type": "origins:equipped_item",
  	   			  "inverted": false,
 	   			   "equipment_slot": "mainhand",
  	   			  "item_condition": {
   	   			   "type": "origins:ingredient",
   	   			   "inverted": false,
   	   			   "ingredient": {
   	   			     "item": "minecraft:bucket"
  	   			    }
  	   			  }
				},
				{
       			   "type": "origins:sneaking"
				}
			]
	},
  "hud_render": {
    "should_render": false
      }
	},
	
	"self_stew": {
  "type": "origins:active_self",
  "cooldown": 20,
  "key": {
    "key": "key.use"
  },
  "entity_action": {
    "type": "origins:and",
    "actions": [
      {
          "type": "origins:equipped_item_action",
          "equipment_slot": "mainhand",
          "action": {
              "type": "origins:consume",
              "amount": 1
          }
      },
      {
        "type": "origins:give",
        "stack": {
          "item": "minecraft:mushroom_stew",
          "amount": 1
        },
        "item_action": {
            "type": "origins:merge_nbt",
            "nbt": "{special_stew:1b}"
        },
         "preferred_slot": "mainhand"
      },
      {
        "type": "origins:play_sound",
        "sound": "minecraft:entity.mooshroom.suspicious_milk"
      }
    ]
  },
	"condition": {
		"type": "origins:and",
			"conditions": [
				{
 	   			   "type": "origins:equipped_item",
  	   			  "inverted": false,
 	   			   "equipment_slot": "mainhand",
  	   			  "item_condition": {
   	   			   "type": "origins:ingredient",
   	   			   "inverted": false,
   	   			   "ingredient": {
   	   			     "item": "minecraft:bowl"
  	   			    }
  	   			  }
				},
				{
       			   "type": "origins:sneaking"
				}
			]
	},
  "hud_render": {
    "should_render": false
      }
	},
	
  "milk_offhand": {
    "type": "origins:action_on_being_used",
    "bientity_action": {
    "type": "origins:actor_action",
    "action": {
    "type": "origins:and",
    "actions": [
      {
          "type": "origins:equipped_item_action",
          "equipment_slot": "offhand",
          "action": {
              "type": "origins:consume",
              "amount": 1
          }
      },
      {
        "type": "origins:give",
        "stack": {
          "item": "minecraft:milk_bucket",
          "amount": 1
        },
         "preferred_slot": "offhand"
      },
      {
        "type": "origins:play_sound",
        "sound": "minecraft:entity.mooshroom.milk"
      }
    ]
    }
	},
    "bientity_condition": {
        "type": "origins:actor_condition",
        "condition": {
 	   			   "type": "origins:equipped_item",
  	   			  "inverted": false,
 	   			   "equipment_slot": "offhand",
  	   			  "item_condition": {
   	   			   "type": "origins:ingredient",
   	   			   "inverted": false,
   	   			   "ingredient": {
   	   			     "item": "minecraft:bucket"
  	   			    }
  	   			}
			}
        }
    },
	
  "stew_offhand": {
    "type": "origins:action_on_being_used",
    "bientity_action": {
    "type": "origins:actor_action",
    "action": {
    "type": "origins:and",
    "actions": [
      {
          "type": "origins:equipped_item_action",
          "equipment_slot": "offhand",
          "action": {
              "type": "origins:consume",
              "amount": 1
          }
      },
      {
        "type": "origins:give",
        "stack": {
          "item": "minecraft:mushroom_stew",
          "amount": 1
        },
        "item_action": {
            "type": "origins:merge_nbt",
            "nbt": "{special_stew:1b}"
        },
         "preferred_slot": "offhand"
      },
      {
        "type": "origins:play_sound",
        "sound": "minecraft:entity.mooshroom.suspicious_milk"
      }
    ]
    }
	},
    "bientity_condition": {
        "type": "origins:actor_condition",
        "condition": {
 	   			   "type": "origins:equipped_item",
  	   			  "inverted": false,
 	   			   "equipment_slot": "offhand",
  	   			  "item_condition": {
   	   			   "type": "origins:ingredient",
   	   			   "inverted": false,
   	   			   "ingredient": {
   	   			     "item": "minecraft:bowl"
  	   			    }
  	   			}
			}
        }
    },
	
	"self_milk_offhand": {
  "type": "origins:active_self",
  "cooldown": 20,
  "key": {
    "key": "key.use"
  },
  "entity_action": {
    "type": "origins:and",
    "actions": [
      {
          "type": "origins:equipped_item_action",
          "equipment_slot": "offhand",
          "action": {
              "type": "origins:consume",
              "amount": 1
          }
      },
      {
        "type": "origins:give",
        "stack": {
          "item": "minecraft:milk_bucket",
          "amount": 1
        },
         "preferred_slot": "offhand"
      },
      {
        "type": "origins:play_sound",
        "sound": "minecraft:entity.mooshroom.milk"
      }
    ]
  },
	"condition": {
		"type": "origins:and",
			"conditions": [
				{
 	   			   "type": "origins:equipped_item",
  	   			  "inverted": false,
 	   			   "equipment_slot": "offhand",
  	   			  "item_condition": {
   	   			   "type": "origins:ingredient",
   	   			   "inverted": false,
   	   			   "ingredient": {
   	   			     "item": "minecraft:bucket"
  	   			    }
  	   			  }
				},
				{
       			   "type": "origins:sneaking"
				}
			]
	},
  "hud_render": {
    "should_render": false
      }
	},
	
	"self_stew_offhand": {
  "type": "origins:active_self",
  "cooldown": 20,
  "key": {
    "key": "key.use"
  },
  "entity_action": {
    "type": "origins:and",
    "actions": [
      {
          "type": "origins:equipped_item_action",
          "equipment_slot": "offhand",
          "action": {
              "type": "origins:consume",
              "amount": 1
          }
      },
      {
        "type": "origins:give",
        "stack": {
          "item": "minecraft:mushroom_stew",
          "amount": 1
        },
        "item_action": {
            "type": "origins:merge_nbt",
            "nbt": "{special_stew:1b}"
        },
         "preferred_slot": "offhand"
      },
      {
        "type": "origins:play_sound",
        "sound": "minecraft:entity.mooshroom.suspicious_milk"
      }
    ]
  },
	"condition": {
		"type": "origins:and",
			"conditions": [
				{
 	   			   "type": "origins:equipped_item",
  	   			  "inverted": false,
 	   			   "equipment_slot": "offhand",
  	   			  "item_condition": {
   	   			   "type": "origins:ingredient",
   	   			   "inverted": false,
   	   			   "ingredient": {
   	   			     "item": "minecraft:bowl"
  	   			    }
  	   			  }
				},
				{
       			   "type": "origins:sneaking"
				}
			]
	},
  "hud_render": {
    "should_render": false
      }
	}
}