{
  "name": "Spores",
  "description": "You have spores that slowly grow over time, you can use your primary to release these spores and effect others with potion effects. They also release when you get hurt.",
  "type": "origins:multiple",
  
  "resource": {
    "type": "origins:resource",
    "min": 0,
    "max": 105,
      "hud_render": {
        "should_render": true,
        "sprite_location": "origins:textures/gui/community/spiderkolo/resource_bar_01.png",
        "bar_index": 8
      }
  },
  
  "add": {
	"type": "origins:action_over_time",
    "interval": 50,
        "entity_action": {
            "type": "origins:change_resource",
            "resource": "willow:moofolk/spores_resource",
            "change": 1
        }
    },
	
  "hurt": {
	"type": "origins:action_when_damage_taken",
	"cooldown": 80,
	"entity_action": {
 	     "type": "origins:and",
 	     "actions": [
          {
              "type": "origins:execute_command",
              "command": "particle minecraft:scrape ~ ~ ~ 0.005 0.005 0.005 20 100 normal"
          },
          {
          "type": "origins:execute_command",
          "permission_level": 4,
          "command": "effect give @e[distance=..10] minecraft:poison 4 1"
    	  },
          {
          "type": "origins:execute_command",
          "permission_level": 4,
          "command": "effect give @e[distance=..10] minecraft:slowness 12 2"
		  },
          {
              "type": "origins:execute_command",
              "command": "particle minecraft:spore_blossom_air ~ ~1 ~ 0.01 0.01 0.01 80 80 normal"
          },
		    {
            "type": "origins:change_resource",
            "resource": "willow:moofolk/spores_resource",
            "change": -15
			}
		 ]
    }
  },
  
  "use": {
	"type": "origins:active_self",
    "entity_action": {
      "type": "origins:and",
      "actions": [
            {
          "type": "origins:execute_command",
          "permission_level": 4,
          "command": "effect give @e[distance=..10] minecraft:poison 4 1"
    	  },
          {
          "type": "origins:execute_command",
          "permission_level": 4,
          "command": "effect give @e[distance=..10] minecraft:slowness 12 3"
		  },
          {
              "type": "origins:execute_command",
              "command": "particle minecraft:scrape ~ ~1 ~ 0.005 0.005 0.005 20 100 normal"
          },
          {
              "type": "origins:execute_command",
              "command": "particle minecraft:spore_blossom_air ~ ~1 ~ 0.01 0.01 0.01 80 80 normal"
          },
		  {
            "type": "origins:change_resource",
            "resource": "willow:moofolk/spores_resource",
            "change": -15  
		  }
        ]
    },
    "key": {
        "key": "key.origins.primary_active",
        "continuous": false
    },
	"cooldown": 60,
      "hud_render": {
        "should_render": true,
        "sprite_location": "origins:textures/gui/community/spiderkolo/resource_bar_01.png",
        "bar_index": 14
      },
	"condition": {
        "type": "origins:resource",
        "resource": "willow:moofolk/spores_resource",
        "comparison": ">=",
        "compare_to": 15
    }
  }
}